id,lat,lon
120223333,39.0087,-96.835
122861106,37.2532,-97.4036
192454074,39.2056,-94.7057
1040996576,38.8072,-94.9089
1797817076,38.8111,-94.909
5025411591,38.7069,-95.0749
5059345000,39.0185,-94.6677
5237520239,39.0532,-94.5906
5400411589,39.0713,-94.5901
6336749296,37.6775,-97.3356
6341025679,37.7227,-97.3449
6344224132,37.6715,-97.3356
6353318884,37.6898,-97.3172
7118081587,37.6958,-97.3806
8759318002,39.0289,-94.8482
10049972321,39.0291,-94.8485
10416000563,38.9428,-95.3075
10416000564,38.9424,-95.3074
10416000565,38.9425,-95.307
10416000566,38.9428,-95.307
10418919054,38.9358,-95.3069
10418919055,38.9361,-95.3071
10428862729,38.9713,-95.3255
10428862730,38.9718,-95.3256
10428862731,38.9716,-95.3261
10428862732,38.9712,-95.326
10428862733,38.9598,-95.3257
10428862734,38.9595,-95.3257
10428862735,38.9595,-95.3254
10428862736,38.9597,-95.3254
10860634257,38.928,-95.2201
10860634258,38.9284,-95.2203
10860634259,38.9283,-95.2209
10860634260,38.9279,-95.2206
11677116391,38.9603,-94.9366
11677116392,38.96,-94.9366
11688760638,39.0075,-94.697
11688760645,39.0223,-94.6941
11688760647,39.022,-94.6944
11688760648,39.0221,-94.6941
11711310803,39.0109,-94.6863
11716502458,38.9563,-94.7475
11716514099,39.0225,-94.6881
11716514100,39.0225,-94.6879
11716514103,39.0224,-94.6656
11716514104,39.0221,-94.6657
11716514105,39.0223,-94.6582
11716514106,39.0223,-94.6585
11716514111,39.0223,-94.6492
11716514112,39.0224,-94.6489
11716616428,39.0335,-94.6165
11716616429,39.0335,-94.6165
11717054424,39.0405,-94.6403
11717054453,39.0077,-94.693
11728897617,39.0083,-94.6863
12337319052,38.9921,-95.3858
12366592469,37.6817,-94.7038
12366992071,37.3384,-94.6375
12367010088,37.4827,-94.7054
12367018542,37.4404,-94.7045
12367018579,37.4112,-94.7229
12367018580,37.3834,-94.6869
12367031936,37.4396,-94.7052
12367054580,37.4113,-94.7216
12367061694,37.3816,-94.7054
12367063609,37.3819,-94.7055
12367069351,37.4405,-94.7056
12367070558,37.4412,-94.7049
12367084714,37.3816,-94.7051
12367095212,37.3828,-94.6866
12367095291,37.6804,-94.7031
12367095878,37.4109,-94.678
12367101480,37.8445,-94.6495
12367105219,37.3819,-94.7051
12367140016,37.3395,-94.8506
12367144838,37.7177,-94.8141
12367168016,37.8629,-94.9587
12367174471,38.0274,-94.7049
12367178717,37.9217,-95.1705
12367197509,37.7589,-95.1606
12367204835,37.706,-95.1607
12368857279,37.7226,-97.4585
12368887215,37.7218,-97.4447
12368897449,37.7086,-97.444
12374671596,37.7062,-97.4627
12377157214,37.7233,-97.4282
12377450056,37.4694,-94.651
12377454813,37.9219,-95.429
12377471712,38.0209,-95.3808
12377485375,37.3443,-94.7068
12377694041,38.9391,-97.2142
12392559579,39.0228,-94.7144
12392559580,39.0231,-94.7148
12392572369,39.0498,-94.6861
12392572370,39.05,-94.6863
12392572371,39.0498,-94.6867
12392572372,39.0495,-94.6866
12392650121,39.015,-94.7144
12392650122,39.0146,-94.7148
12392650123,39.0149,-94.7149
12392650124,39.0294,-94.7145
12392882932,39.0188,-94.6675
12392889299,39.0367,-94.6396
12392889300,39.0404,-94.6408
12392933101,39.0138,-94.7422
12392933102,39.0141,-94.7427
12394474805,39.0223,-94.6658
12394474806,39.0221,-94.6655
12400959042,39.0203,-94.6583
12400959043,39.02,-94.6582
12400959044,39.02,-94.6585
12400959045,39.0203,-94.6586
12400959046,39.0435,-94.6562
12400959047,39.0437,-94.6563
12400959048,39.0436,-94.6559
12401303484,37.3523,-95.208
12401341728,37.34,-94.7052
12401347327,37.3219,-95.2666
12401357342,37.3388,-94.7116
12401361430,37.3521,-95.2081
12407416381,39.0187,-94.6658
12408091740,39.0101,-94.7761
12408437833,37.5705,-97.3524
12410304986,39.039,-94.7147
12410442758,39.0662,-94.6771
12410524908,39.0537,-94.677
12410529462,39.0732,-94.6822
12410529463,39.073,-94.682
12410532111,39.0677,-94.614
12410532112,39.0681,-94.6138
12410532113,39.0678,-94.6133
12410532114,39.0674,-94.6136
12410532644,39.0575,-94.6117
12410532645,39.0572,-94.612
12410545015,39.0534,-94.6433
12410545016,39.0536,-94.643
12410545017,39.0534,-94.6429
12410545018,39.0532,-94.6431
12410693139,37.3444,-95.3535
12410775192,37.375,-95.2586
12410790841,37.4184,-95.2701
12410792092,37.5148,-95.1547
12412774881,39.0287,-94.6866
12412774882,39.0288,-94.6863
12416460254,39.0368,-94.6585
12416460255,39.037,-94.6585
12416460256,39.037,-94.6583
12418200064,38.9713,-94.7133
12423422203,39.0568,-94.5953
12423422204,39.0568,-94.5956
12423422205,39.057,-94.5956
12423422206,39.057,-94.5953
12423636356,39.0572,-94.6074
12423636357,39.0573,-94.6072
12423636358,39.0575,-94.6072
12425244999,39.0003,-94.6491
12425245000,39.0004,-94.6492
12425289001,39.0005,-94.6489
12425289002,39.0003,-94.6489
12425289003,38.9933,-94.6489
12425289004,38.9932,-94.6492
12425289005,38.993,-94.6492
12425289006,38.993,-94.6489
12425289007,38.9859,-94.6492
12425289008,38.9858,-94.6491
12425289009,38.9859,-94.649
12425289010,38.9858,-94.649
12425289011,38.9787,-94.6489
12425289012,38.9787,-94.6491
12425289013,38.9785,-94.6491
12425289014,38.9785,-94.6489
12425289015,38.9642,-94.6489
12425289016,39.0242,-94.6866
12425289017,38.9564,-94.7284
12425289018,38.9566,-94.7264
12425289019,38.9566,-94.7263
12425289020,38.9567,-94.7264
12425289021,38.9331,-94.6676
12425289022,38.931,-94.6678
12427661427,38.9856,-94.7799
12427690153,38.9711,-94.7286
12427690154,38.9711,-94.7286
12433921458,39.0146,-94.7097
12443054312,38.7617,-94.9641
12443054313,38.7819,-94.9634
12443054314,38.7823,-94.9635
12443054315,38.7822,-94.9639
12443054316,38.7818,-94.9639
12443054317,38.7822,-94.946
12443054318,38.7823,-94.9456
12443054319,38.782,-94.9456
12443054320,38.7819,-94.9459
12443054321,38.7868,-94.9277
12443054322,38.7864,-94.9277
12443054323,38.7866,-94.9272
12443054324,38.7868,-94.9272
12443054325,38.8109,-94.9276
12443054326,38.8109,-94.9273
12443054327,38.8112,-94.9274
12443054328,38.8111,-94.9277
12443054329,38.8121,-94.8907
12443054330,38.8117,-94.8906
12443054331,38.8117,-94.8902
12443054332,38.8122,-94.8902
12443725273,38.8526,-94.8159
12443725274,38.8526,-94.8159
12443725275,38.8527,-94.8156
12443725276,38.8527,-94.8156
12443725277,38.853,-94.8157
12443725278,38.8569,-94.8161
12443725279,38.8568,-94.8161
12443725280,38.857,-94.8158
12443725281,38.857,-94.8158
12443725282,38.8546,-94.8178
12443725283,38.8551,-94.8132
12443725284,38.8676,-94.8346
12443725285,38.8678,-94.8367
12443725286,38.8678,-94.8343
12443725287,38.8677,-94.8321
12443725288,38.8677,-94.8321
12443725289,38.8839,-94.8348
12443725290,38.8836,-94.8348
12443725291,38.8836,-94.8344
12443725292,38.8839,-94.8344
12443725293,38.8864,-94.8208
12443725294,38.8807,-94.8206
12443725295,38.897,-94.8386
12443725296,38.8972,-94.8382
12443725297,38.8972,-94.8382
12443725298,38.8837,-94.8075
12443725299,38.8839,-94.7923
12443725300,38.8838,-94.7923
12443726901,38.884,-94.7928
12443726902,38.8836,-94.7923
12443726903,38.8837,-94.7919
12443726904,38.8837,-94.7919
12443726905,38.8839,-94.7888
12443726906,38.8839,-94.7888
12443726907,38.8835,-94.7892
12443726908,38.8837,-94.7887
12443726909,38.8837,-94.7887
12443726910,38.913,-94.7727
12443726911,38.9129,-94.7725
12443726912,38.9129,-94.7725
12443726913,38.9126,-94.7727
12443726914,38.9126,-94.7696
12443726915,38.9126,-94.7696
12443726916,38.9126,-94.7696
12443726917,38.9133,-94.7696
12443726918,38.9133,-94.7697
12443726919,38.9132,-94.7694
12443726920,38.8809,-94.7625
12446546081,37.3447,-95.5318
12446551864,37.6821,-95.4213
12446565780,37.7338,-95.4575
12446567156,37.689,-95.4768
12446573080,37.3889,-95.508
12446574461,37.7318,-95.4612
12446666528,37.0417,-95.5927
12453772540,39.0422,-94.5914
12459737897,38.8839,-94.7608
12459737898,38.8839,-94.7608
12459737899,38.8837,-94.7613
12459737900,38.8837,-94.7613
12459762601,38.8834,-94.7612
12459762602,38.8834,-94.7612
12459762603,38.8836,-94.7607
12459762604,38.8836,-94.7607
12459762605,38.8818,-94.6616
12459762606,38.8818,-94.6613
12459762607,38.8818,-94.6611
12459762608,38.8818,-94.6606
12459762609,38.881,-94.6615
12459762610,38.8837,-94.6713
12459762611,38.8834,-94.6494
12459762612,38.8838,-94.6496
12459762613,38.8693,-94.6122
12461781623,39.5333,-94.7871
12497345997,37.6778,-97.4273
12560701225,37.5628,-97.2443
12648084744,38.8375,-94.7592
12648084745,38.8377,-94.7587
12663212892,38.9194,-94.6607
12663738366,39.0084,-94.8397
12669422393,38.9391,-97.2139
12669442060,38.9299,-97.2133
12669442125,39.2477,-96.6289
12670235153,38.827,-97.6383
12670253554,38.7835,-97.6114
12670265600,38.8753,-97.6126
12670275367,38.7979,-97.617
12670287680,38.7821,-97.6124
12670297526,38.7723,-97.613
12670317816,38.8639,-97.6126
12670342093,37.6639,-97.5983
12752348126,37.2902,-97.3943
12759451194,38.877,-97.5237
12759472662,38.7835,-97.6144
12759507495,38.7838,-97.6148
12760062921,38.8284,-97.6252
12769551538,39.0652,-96.3917
12769552366,38.8557,-97.5942
12770300109,39.0586,-95.9393
12770622815,37.63,-97.3524
12770627280,37.6774,-97.3528
12770638346,37.7089,-97.3775
12770638404,37.6931,-97.3265
12770955842,39.2512,-94.6499
12797486761,38.8271,-97.5776
12815179500,37.6562,-95.4525
12815613259,37.6456,-95.4786
12835119998,39.0426,-96.8296
12835119999,39.0428,-96.8261
12835120000,39.0283,-96.8021
12835133101,39.0218,-96.8248
12874028813,39.0009,-96.8621
12878042874,39.0429,-96.8253
12878042876,39.1557,-96.6446
12878042877,39.1468,-96.6498
12878042878,39.1476,-96.6497
12878042879,39.0218,-96.8162
12878042881,39.0472,-96.8395
12878042882,39.0155,-96.8723
12878042883,39.03,-96.8637
12880146520,39.0219,-96.8244
12880146521,39.0217,-96.8171
12894856687,39.0143,-94.6895
12894856688,39.0143,-94.6895
12897749927,39.2107,-94.6604
12908517953,37.6445,-94.8323
12908563138,37.4177,-95.6946
12908574875,36.9987,-94.7409
12908576992,36.9985,-94.7406
12908580050,36.9985,-94.7408
12908639211,37.2232,-95.6848
12915972959,37.6821,-97.2448
12954475850,39.2093,-96.2582
12954479526,39.2133,-96.2365
12981488293,37.7379,-97.4188
12981488294,37.7318,-97.4624
12981494583,37.7445,-97.42
12997622654,39.0466,-96.8696
13006617715,39.0409,-96.8373
13032608036,39.1877,-94.6135
13049310930,37.4287,-94.701
13049317210,37.3966,-94.7184
13049317247,37.3963,-94.7047
13049318237,37.0071,-95.616
13049323775,37.4551,-94.7048
13049324972,37.445,-94.6862
13049328416,37.4288,-94.7002
13049330596,37.412,-94.8326
13049331881,37.4265,-94.6865
13049335486,36.9987,-94.8308
13049336041,37.4265,-94.6867
13049336043,37.4283,-94.7005
13049338559,37.4286,-94.7002
13049341410,37.4692,-94.6866
13049347722,37.4405,-94.6842
13049359964,36.9987,-94.8309
13057057789,37.4548,-94.6687
13057101766,37.3818,-94.6743
13058779951,37.6647,-97.4986
13063850630,38.9311,-94.6673
13063850631,38.9331,-94.668
13063900151,38.3616,-98.81
13063900152,38.3456,-98.8129
13063900153,38.3456,-98.8126
13063911626,38.2642,-98.9816
13063911627,38.265,-98.9803
13063912718,38.1895,-99.3101
13063922429,38.5932,-98.4124
13064024024,38.9167,-94.6396
13064024025,38.9201,-94.6399
13064025275,38.8871,-94.649
13064058937,38.9273,-94.6581
13064072862,38.9131,-94.6082
13067938364,37.4111,-94.6692
13067950789,37.8173,-96.8989
13068000481,37.8168,-96.8384
13068005110,37.8171,-96.8987
13068053942,36.9993,-97.0456
13070146762,38.5224,-98.5399
13070212901,38.0565,-98.6005
13078444436,38.9702,-94.6386
13078444437,38.9643,-94.6396
13078444438,38.9643,-94.6396
13078471914,38.9729,-94.6378
13078471915,38.973,-94.6376
13078471916,38.9729,-94.6378
13078471917,38.973,-94.6376
13078491634,39.0221,-94.6635
13078491635,39.0224,-94.6636
13078491636,39.0224,-94.6638
13078491637,39.0221,-94.6638
13079957929,38.1589,-98.6016
13089202770,39.1175,-94.7387
13093962355,37.1554,-97.5935
13095335819,39.0438,-95.7584
13103957476,38.9931,-94.7052
13103957477,38.9928,-94.7053
13103957478,38.993,-94.7147
13103957479,38.9931,-94.7142
13103957480,38.9927,-94.7235
13103957481,38.993,-94.7236
13103957482,38.9855,-94.7238
13112793597,39.1677,-94.6018
13115251669,37.6863,-97.2466
13115253922,37.6857,-97.2453
13115257316,37.6866,-97.2529
13115261810,37.6859,-97.2454
13115273046,37.6866,-97.2654
13115280624,37.6863,-97.2499
13115287905,37.6864,-97.2696
13125291886,37.6864,-97.2992
13125337603,37.6803,-97.2987
13125352054,37.6862,-97.2988
13133930783,39.087,-94.8815
13133974312,39.0872,-94.8821
13133978104,39.0869,-94.882
13136596231,37.7671,-97.3363
13140460043,37.9995,-98.748
13140477802,37.8241,-98.7427
13140966288,38.9101,-101.582
13141930158,36.9995,-95.9275
13142675640,37.6657,-97.226
13147850327,37.6778,-97.299
13147850429,37.6803,-97.2803
13147863053,38.015,-97.9403
13147867496,37.6936,-97.2624
13147874004,37.6936,-97.2807
13147889617,37.6801,-97.2259
13153799153,38.1729,-97.4456
13153814620,37.9148,-97.3266
13157141825,38.9325,-94.7545
13157197203,38.9318,-94.7551
13157918890,38.9577,-94.645
13157935698,38.9577,-94.645
13157935699,38.9577,-94.645
13157941835,38.9553,-94.6664
13160598566,38.809,-94.9091
13165200207,39.1928,-96.5367
13165212446,39.1927,-96.5356
13165239373,39.1756,-96.5574
13165244808,39.2479,-96.3148
13165245441,39.1918,-96.6412
13165245442,39.1744,-96.5521
13167826460,38.4918,-94.6022
13167852361,37.7089,-97.3659
13168472273,37.6691,-97.4284
13168495502,37.6763,-97.3893
13171658940,37.6996,-97.3202
13171666160,37.6939,-97.2989
13171682187,37.7009,-97.3082
13171685717,37.6854,-97.3437
13171697233,37.6861,-97.3171
13171698943,37.6936,-97.2991
13171698944,37.6939,-97.2723
13173856068,37.7225,-97.3419
13173902377,37.6948,-97.379
13173912036,37.6949,-97.3905
13173912052,37.7229,-97.3538
13173914727,37.6942,-97.4261
13173923975,37.7225,-97.3565
13173927645,37.7087,-97.3895
13173933501,37.69,-97.3895
13173943118,37.7227,-97.3447
13173957938,37.7226,-97.3481
13173958620,37.7227,-97.3359
13173960051,37.7225,-97.3447
13173967059,37.7225,-97.3379
13175229682,39.1284,-94.7573
13175236854,39.1284,-94.7493
13175261751,39.1284,-94.7525
13175273305,39.1286,-94.7463
13176838577,37.6781,-97.3354
13176853726,37.7082,-97.3346
13178911228,37.7657,-100.033
13179056929,37.6726,-97.4141
13179747724,37.6043,-96.2538
13182286444,39.0874,-94.8816
13186579017,37.6935,-97.3119
13186582277,37.6862,-97.326
13188831283,38.9563,-94.7238
13188831285,38.9564,-94.7234
13188833098,38.9521,-94.7234
13188833099,38.9518,-94.7234
13188861339,38.9567,-94.7211
13188861340,38.9566,-94.7151
13188861341,38.9566,-94.7151
13188861342,38.9564,-94.7152
13188882286,38.949,-94.7609
13188882287,38.949,-94.761
13189062311,37.9419,-97.8666
13189062312,38.0254,-97.867
13189062313,38.0572,-97.9241
13189861982,38.1997,-97.8026
13190019000,39.225,-94.759
13190023514,39.225,-94.7653
13196985820,37.7158,-97.2927
13196985821,37.7157,-97.2888
13196985822,37.7161,-97.2843
13226838282,37.7798,-100.033
13226862289,39.1965,-94.723
13226928845,39.2098,-94.7055
13231518992,39.0465,-95.6774
13231520468,39.0498,-95.679
13231523198,39.0453,-95.6807
13231531429,39.0464,-95.6771
13231555080,39.0463,-95.6802
13231558962,39.0498,-95.6787
13231567930,39.0446,-95.6781
13231581388,39.0384,-95.7676
13231607934,39.0365,-95.7681
13233802449,37.9565,-98.9762
13235936553,38.1844,-97.4623
13236352271,39.0392,-94.6409
13236352272,39.0391,-94.6409
13236352273,39.1171,-94.7403
13239912620,38.2031,-97.4999
13239912621,37.6788,-96.9688
13239912622,37.6788,-96.9688
13247847080,37.6951,-97.2804
13249079929,38.9508,-94.7233
13249080178,38.9513,-94.7221
13252422063,38.964,-94.6489
13252460104,38.957,-94.6303
13252460105,38.9567,-94.6301
13252460106,38.9569,-94.6307
13252460107,38.9567,-94.6306
13252460109,38.9547,-94.6641
13256545618,39.1432,-94.7573
13256545619,39.1429,-94.7572
13256545620,39.143,-94.7569
13256545621,39.1287,-94.77
13256545622,39.1284,-94.77
13256545623,39.1284,-94.7697
13256545624,39.1287,-94.7697
13256545625,39.1165,-94.7608
13256545626,39.1161,-94.7607
13256545627,39.1162,-94.7602
13256545628,39.1166,-94.7603
13263922183,36.9979,-94.631
13263922184,37.0013,-94.6194
13263922185,37.0015,-94.618
13263922186,37.0005,-94.6145
13263922187,36.9997,-94.6038
13266249708,39.1284,-94.7458
13266249709,39.1164,-94.7431
13266249710,39.117,-94.743
13266249711,39.1168,-94.7472
13268629499,36.9999,-94.6307
13268629500,37,-94.6306
13268678001,37.0002,-94.6308
13268678002,37.0005,-94.6308
13273214786,39.1166,-94.8197
13273214787,39.1165,-94.8193
13273214788,39.1169,-94.8191
13273214789,39.1169,-94.8196
13273214790,39.1284,-94.8254
13273214791,39.1287,-94.8255
13273214792,39.1284,-94.8249
13273214793,39.1288,-94.825
13275622343,39.0587,-94.6678
13275622372,39.071,-94.7054
13275679972,39.0732,-94.7054
13275691120,39.073,-94.7051
13275694022,39.073,-94.7054
13275694992,39.0664,-94.7051
13275700332,39.0622,-94.6479
13275710317,39.0732,-94.7051
13275721916,39.0624,-94.6479
13280668809,39.1428,-94.6731
13280668810,39.1428,-94.6734
13280668811,39.143,-94.6734
13280668812,39.14,-94.6592
13280668813,39.14,-94.6592
13280668814,39.14,-94.6592
13280879896,39.1319,-94.6267
13280879897,39.1317,-94.6268
13280879898,39.1257,-94.6267
13280879899,39.1253,-94.627
13280879900,39.1292,-94.6496
13280887001,39.129,-94.65
13280887002,39.1287,-94.6499
13280887003,39.1287,-94.6499
13280887004,39.1287,-94.6867
13280887005,39.1287,-94.6863
13280887006,39.1284,-94.6863
13280887007,39.1284,-94.6866
13280951720,39.0574,-94.6075
13288398424,39.0152,-95.6703
13288405081,39.03,-95.6699
13288405082,39.0299,-95.6702
13288405083,39.0297,-95.6698
13288405084,39.0371,-95.6828
13288405085,39.0368,-95.683
13288405086,39.037,-95.6831
13288405087,39.0369,-95.6827
13288405088,39.0487,-95.6612
13288422867,39.0154,-95.6701
13288425918,39.0296,-95.6701
13288445726,39.0299,-95.651
13288445727,39.0297,-95.6513
13288445728,39.0296,-95.6967
13288445729,39.0298,-95.6971
13289427700,37.6789,-97.2806
13291107720,39.2083,-94.7121
13293624834,38.8345,-97.6202
13293706244,38.8273,-97.6249
13294553580,37.7226,-97.298
13295904831,38.8273,-97.6381
13295921377,38.8488,-97.616
13295921378,38.7811,-97.6113
13296686401,37.7481,-100.02
13296686402,37.7655,-100.032
13296687401,37.7481,-100.019
13297188701,37.7654,-100.016
13297189701,37.7798,-100.016
13298520601,38.0473,-96.6394
13298829656,38.8272,-97.592
13298829657,38.8272,-97.594
13298829658,37.7223,-97.2992
13299981372,37.6658,-97.3354
13300336939,38.8058,-97.5944
13300336940,38.8405,-97.5939
13300336941,38.8594,-97.594
13300336942,38.8697,-97.6122
13300340775,38.8483,-97.6159
13300353027,38.7898,-97.5942
13300353028,38.7856,-97.6127
13304924562,38.8417,-97.6258
13304924563,38.8416,-97.6258
13305529801,37.7813,-97.3315
13305534201,37.7815,-97.3269
13305585402,37.6202,-97.2923
13305587401,37.6202,-97.2926
13305587601,37.6205,-97.2916
13305587602,37.6065,-97.2874
13305587603,37.606,-97.2871
13305587701,37.6205,-97.292
13305588501,37.6134,-97.2918
13305588701,37.6133,-97.292
13305590101,37.6099,-97.2805
13305590201,37.6101,-97.2803
13305592901,37.7731,-97.3357
13305597101,37.6242,-97.291
13305597401,37.6247,-97.2903
13305597901,37.6913,-97.2447
13305598101,37.7178,-97.2442
13305598501,37.7229,-97.2417
13305598901,37.722,-97.2417
13305598902,37.7179,-97.2424
13305606801,37.7194,-97.2445
13305606901,37.7199,-97.2445
13305606902,37.7212,-97.2444
13305620401,37.4813,-100.85
13305620801,37.169,-100.924
13305898601,37.5787,-97.3706
13305899701,37.5645,-97.3303
13305903801,37.5641,-97.3789
13305909201,37.554,-97.3703
13305913401,37.5536,-97.3339
13305916201,37.5443,-97.2747
13305925501,37.5623,-97.2751
13305943201,37.5771,-97.2428
13305947801,37.584,-97.2442
13305954601,37.5911,-97.2801
13305955802,37.5782,-97.2772
13305957501,37.5775,-97.2774
13305962101,37.5844,-97.2795
13305963501,37.5768,-97.2796
13305965201,37.5771,-97.2786
13305967201,37.5685,-97.2807
13305979601,37.566,-97.2764
13305985101,37.5723,-97.3342
13305996301,37.577,-97.2793
13306353701,38.6304,-95.2678
13306357201,38.5793,-95.267
13306359201,38.6231,-95.234
13306362101,38.4297,-95.516
13306871561,37.7521,-97.4504
13307219001,37.5626,-97.2266
13307222601,37.5483,-97.2299
13307229501,37.5196,-97.2618
13307416202,37.7004,-97.2444
13307421901,37.6982,-97.2443
13307421902,37.6992,-97.2443
13307423701,37.6805,-97.2443
13307424101,37.6778,-97.2444
13307424201,37.6791,-97.2434
13307424802,37.634,-97.2806
13307425201,37.6665,-97.2443
13307425801,37.6845,-97.2451
13307425802,37.6339,-97.2804
13307429101,37.7221,-97.2444
13307431401,37.6337,-97.2804
13307637630,37.3578,-95.6974
13308299201,39.8048,-94.8146
13308299202,39.8064,-94.8127
13308299203,39.8064,-94.8138
13308739501,37.7522,-97.4444
13308740001,37.7521,-97.4547
13308847701,37.7819,-97.3206
13310071001,37.5745,-101.363
13310071002,37.5764,-101.353
13310071003,37.5764,-101.353
13310072401,37.5764,-101.353
13310336401,37.5766,-101.363
13310336402,37.5766,-101.363
13310337401,37.5765,-101.36
13311027402,37.6841,-97.2508
13311032401,37.6859,-97.2522
13311034001,37.6842,-97.2504
13311034401,37.6821,-97.2501
13311131901,37.6461,-97.285
13311135501,37.6484,-97.2805
13311145301,37.6504,-97.2886
13311160601,37.6578,-97.2986
13311163101,37.6607,-97.3078
13311163102,37.6574,-97.3169
13311175202,37.6499,-97.3081
13311177001,37.6496,-97.3336
13311197001,37.6501,-97.3115
13311229286,38.9566,-94.7424
13311229287,38.9564,-94.7423
13311229288,38.9567,-94.7422
13311234580,38.9711,-94.7126
13311234581,38.9713,-94.7133
13311234582,38.9711,-94.7126
13312416036,37.6993,-97.236
13312502187,38.0577,-97.8994
13312746487,37.68,-97.4069
13314181509,39.088,-94.7346
13314181510,39.0876,-94.6352
13314181511,39.0873,-94.6352
13314181512,39.0873,-94.6354
13314181513,39.0876,-94.6354
13314181514,39.1043,-94.6103
13314181515,39.1046,-94.6102
13314181516,39.1045,-94.6105
13314181517,39.1045,-94.6101
13314639903,37.7554,-97.4587
13314825301,37.744,-97.2448
13315445101,37.1885,-101.348
13315522401,39.179,-94.5908
13315537901,37.7226,-97.2863
13315538101,37.7157,-97.2899
13315562601,37.1699,-101.353
13315817301,38.1449,-97.4193
13315817302,38.9337,-97.2608
13316261301,37.7301,-97.4624
13317749801,37.5286,-95.4713
13317750801,37.5289,-95.4714
13317751001,37.5287,-95.4718
13317872501,37.7159,-97.2965
13317873001,37.7086,-97.2989
13317947044,39.1187,-94.635
13317947045,39.1187,-94.6353
13317947046,39.1184,-94.6353
13317947047,39.1184,-94.635
13317947048,39.1138,-94.6267
13317947049,39.1137,-94.627
13317947050,39.1135,-94.627
13317947051,39.1135,-94.6267
13317947052,39.1169,-94.6732
13317947053,39.1166,-94.673
13318064101,38.8703,-95.687
13318175601,37.5776,-97.1469
13318184701,37.6055,-97.1355
13318245001,38.8798,-94.6622
13318254001,37.6531,-97.1352
13318268601,37.6649,-97.1523
13318314401,37.6793,-97.1581
13318327201,37.679,-97.1355
13318337401,37.6799,-97.1351
13318396801,37.6624,-97.2329
13318411501,37.6455,-97.2421
13318442801,37.6082,-97.3157
13318446001,37.6176,-97.3156
13318448901,37.6223,-97.3272
13318452301,37.6223,-97.3273
13318468601,37.6522,-97.348
13318488101,37.6405,-97.2987
13318496801,37.635,-97.28
13318532934,37.0439,-95.5774
13318534463,37.0412,-95.5776
13319254402,38.4068,-96.3685
13319257101,38.4069,-96.3689
13319641001,38.8999,-97.2136
13319792903,37.7153,-97.2807
13319812801,37.7092,-97.2805
13319831501,37.7158,-97.2822
13319870005,39.1028,-94.6261
13319870006,39.1028,-94.6264
13319870007,39.1026,-94.6264
13319870008,39.1026,-94.6261
13319870009,39.1009,-94.6353
13319870010,39.1009,-94.6356
13319870011,39.1006,-94.6353
13319870012,39.1007,-94.6355
13319870013,39.1062,-94.6496
13319870014,39.0986,-94.6496
13319870015,39.0988,-94.6492
13319908693,39.1168,-94.7517
13319908694,39.1164,-94.752
13319966229,39.0298,-94.6258
13319966230,39.0298,-94.626
13319966231,39.0296,-94.6257
13319966232,39.0295,-94.626
13319966233,39.0283,-94.6076
13319966234,39.0151,-94.6078
13319966235,39.0152,-94.6079
13319966236,39.0153,-94.6077
13319966237,39.0151,-94.6076
13322963001,37.2236,-95.7108
13323202101,37.781,-97.4592
13324607196,38.065,-97.901
13324801401,37.7724,-97.3354
13324801501,37.769,-97.3357
13326115101,37.6797,-97.4276
13326119101,37.6796,-97.4624
13326668201,38.8788,-94.7624
13328637601,38.9546,-94.666
13328637701,38.9546,-94.666
13328941601,39.1804,-96.0359
13332271471,37.7398,-97.4808
13332271472,37.7656,-97.4805
13332271473,37.7803,-97.4807
13332271474,37.7803,-97.4633
13334819136,39.8067,-94.8149
13334819137,39.8066,-94.8153
13334894109,37.7957,-97.3274
13336457301,39.0148,-94.6585
13336458201,39.0148,-94.6581
13336458301,39.0152,-94.6583
13336458501,39.0151,-94.6585
13336460301,39.0263,-94.6362
13336707002,38.9422,-94.6085
13336738902,38.9568,-94.6083
13336739901,38.9891,-94.6081
13336739902,38.9857,-94.6083
13336742301,38.974,-94.6084
13336754001,38.9422,-94.6081
13336754002,38.9057,-94.6082
13336765601,38.8887,-94.6082
13336767101,38.8839,-94.6122
13336767402,38.884,-94.649
13336773201,38.8837,-94.6488
13336774402,38.8694,-94.6495
13336779701,38.8547,-94.6488
13339168007,38.2714,-96.8121
13341759102,37.6496,-98.0941
13341764001,37.647,-98.1268
13341765501,37.647,-98.1268
13343273935,39.5919,-97.6592
13348501101,38.9127,-94.751
13348504701,38.9135,-94.7312
13348773001,37.2445,-96.951
13351768701,37.6645,-96.6418
13351768801,37.6645,-96.6418
13353722003,38.837,-94.8985
13353796320,38.3616,-98.7369
13354754601,38.203,-97.519
13354764701,37.0459,-97.4011
13355823001,39.7478,-94.7454
13356533201,39.1804,-94.6595
13358008001,39.1185,-94.8174
13358253596,39.1166,-94.74
13359523201,37.2904,-98.5708
13360712390,37.7213,-97.2452
13363781301,37.6742,-97.2263
13363781401,37.6742,-97.2263
13363990740,38.9558,-94.7968
13363990741,38.9558,-94.7968
13363990742,38.956,-94.7974
13363990743,38.956,-94.7974
13363990744,38.9606,-94.7795
13364202816,38.971,-94.775
13364202817,38.9709,-94.775
13364202818,38.9711,-94.7777
13364202819,38.9711,-94.7777
13364211176,38.9929,-94.6952
13364211177,38.9929,-94.6953
13364211178,38.9932,-94.6955
13364316001,37.647,-97.3353
13365633296,38.68,-94.6087
13368234719,39.0289,-94.8256
13368239448,39.0292,-94.8252
13368441701,37.8321,-97.3272
13368443101,37.8249,-97.3242
13368445101,37.796,-97.3043
13373910301,37.5287,-95.4716
13376383501,37.6739,-97.4135
13376384901,37.65,-97.3544
13376599602,39.0371,-94.6656
13376603001,39.0371,-94.6656
13376603501,39.0371,-94.6656
13376685901,37.674,-97.4129
13376999001,37.7083,-97.2081
13378832375,39.2105,-94.6811
13382066715,38.0147,-97.9399
13382348201,37.8333,-97.3268
13382415001,39.0731,-94.674
13383582201,37.7178,-97.2424
13383717901,38.623,-94.5902
13384432201,39.7624,-94.8341
13389408002,39.4018,-100.87
13389417802,39.4791,-100.72
13389429401,39.5429,-100.571
13389490501,39.8388,-99.85
13389952001,38.8829,-94.7043
13389979001,38.8785,-94.7013
13389979201,38.8802,-94.7007
13391206301,39.8415,-95.7845
13391252502,39.8412,-95.2722
13391256401,39.7469,-94.8424
13391257201,39.7478,-94.8111
13395438501,39.2041,-95.7202
13398186701,39.3946,-100.866
13398264299,37.6645,-97.2797
13398264822,37.6798,-97.2471
13398284040,37.6648,-97.248
13398311212,37.6645,-97.2711
13399161701,37.2538,-97.0008
13399161702,37.225,-96.9941
13399189102,37.2399,-97.011
13402053101,38.8885,-94.6069
13402059001,38.8885,-94.6058
13403282601,39.0616,-95.7432
13403511792,38.8069,-97.6128
13403652295,38.7984,-97.6343
13403655865,38.8646,-97.6125
13403658786,38.8051,-97.6126
13403676128,38.8405,-97.5872
13403693494,38.8282,-97.6127
13403696050,38.8273,-97.6125
13406503601,37.7326,-97.2077
13406619601,37.0363,-95.6734
13406622901,37.0466,-95.9466
13406627901,37.0672,-95.9483
13409071039,37.6826,-97.2499
13409102317,37.6824,-97.2494
13409118428,37.682,-97.2489
13409137340,37.6798,-97.2481
13409165910,37.6798,-97.2456
13410756801,37.6793,-96.9921
13410995001,37.3399,-94.8501
13411468201,37.796,-97.3264
13414136515,39.7551,-94.8035
13414161732,39.7551,-94.8038
13414184949,39.7553,-94.8039
13414184950,39.7554,-94.8036
13414190768,39.7691,-94.6116
13414217742,39.7769,-94.8031
13414217743,39.777,-94.8034
13414831701,37.679,-97.2487
13414855783,39.0731,-94.6768
13414886524,37.4112,-94.7003
13414893562,39.0781,-94.678
13416606202,39.1481,-96.3524
13416713501,39.1954,-96.3054
13416713502,39.1958,-96.3051
13416852701,37.6202,-99.0142
13416870101,37.6455,-98.7109
13416915701,39.7474,-94.6119
13418767701,39.7608,-94.9494
13418768701,39.7609,-94.9466
13419054611,37.7185,-97.3631
13419195001,39.21,-96.3448
13419396501,39.3794,-100.72
13419402601,39.1192,-100.809
13419405001,39.8134,-100.534
13419417801,39.8281,-100.536
13422265456,37.7233,-97.2077
13422265457,37.7281,-97.2081
13422426901,38.9277,-94.6581
13424588201,37.6781,-97.2001
13424590301,37.6786,-97.1987
13424725401,37.0683,-96.0098
13424728801,37.023,-96.182
13424730401,37.1105,-96.526
13424731801,37.3016,-96.2908
13424798801,37.7232,-97.1523
13424803001,37.7959,-97.1521
13425498901,37.0013,-100.971
13426840801,37.8109,-97.3719
13427594301,37.7312,-97.2074
13427657001,38.9277,-94.6584
13427657601,38.9273,-94.6584
13428993301,39.7115,-94.8559
13429018801,39.5592,-95.0451
13429364301,36.999,-100.892
13429381801,37.0384,-100.905
13429382201,37.0379,-100.906
13431119801,38.8833,-94.6008
13431126801,38.8833,-94.6006
13431126901,38.8832,-94.6006
13431127101,38.8832,-94.6008
13431353101,37.7558,-97.2622
13432541001,37.68,-97.2077
13432985401,37.7281,-97.2082
13433024401,37.7283,-97.2074
13433081401,38.9927,-94.8559
13433354819,39.0068,-94.7704
13433354820,39.01,-94.7708
13433354821,39.0109,-94.7704
13433354822,39.0112,-94.7704
13433354823,39.0095,-94.7614
13433354824,39.0106,-94.7613
13433354825,39.0073,-94.7613
13433354826,39.0082,-94.8392
13433372922,39.0074,-94.6973
13433372923,39.0074,-94.7143
13433372924,39.0075,-94.7147
13433379329,39.0149,-94.7149
13433401462,38.9273,-94.6486
13433414119,39.0137,-94.7426
13433414120,39.0142,-94.7424
13433414121,39.0221,-94.7424
13433414122,39.0219,-94.7424
13433414123,39.0221,-94.7427
13436049901,37.8392,-97.3367
13436858901,37.9564,-97.1522
13437736501,39.0463,-95.7615
13438509601,39.2061,-94.7072
13438528101,37.7526,-97.4628
13438654601,39.0538,-94.6774
13438659502,39.0537,-94.6771
13438690101,39.0627,-94.6673
13438695401,39.0625,-94.6609
13438697901,39.0622,-94.6479
13438698301,39.0624,-94.6479
13438743801,38.9128,-94.6354
13440588101,37.65,-97.535
13444473701,38.8868,-94.681
13447229392,39.7112,-94.8507
13447245009,39.7121,-94.8382
13447360069,37.6019,-95.0873
13447367242,37.3964,-94.6695
13447374406,37.3965,-94.7048
13447375885,37.3965,-94.7051
13447389379,37.3963,-94.7051
13447408710,37.411,-94.7005
13447504656,38.5824,-97.6669
13447514693,38.5638,-97.6665
13448038301,39.0295,-94.8212
13448043201,39.022,-94.7799
13448666701,37.7957,-97.3304
13448996401,37.7225,-97.1353
13449144201,39.3109,-94.761
13449145101,39.3392,-94.7612
13449447431,37.6838,-97.2487
13451298501,39.0242,-94.8128
13451300901,39.0268,-94.8135
13451301101,39.0291,-94.8254
13451301201,39.0289,-94.8253
13451683601,38.951,-95.6928
13451683602,38.9513,-95.6921
13451684501,38.9497,-95.7112
13451684701,38.9499,-95.7112
13451685201,38.9426,-95.7111
13451685401,38.9425,-95.7099
13451686701,38.9297,-95.7063
13451686801,38.9294,-95.7065
13451701602,39.0467,-95.3893
13451701802,39.019,-95.5113
13451702201,38.9354,-95.6918
13451702301,38.9353,-95.6917
13453092701,38.9952,-96.8591
13453149101,38.9904,-96.8567
13455360501,38.83,-94.8161
13455528701,37.6351,-97.3527
13455565801,37.6405,-97.2974
13456327101,39.0158,-96.8697
13456345601,39.0087,-96.8353
13456379901,39.0282,-96.8118
13456398401,39.0418,-96.8294
13456415801,39.0474,-96.8392
13456426001,39.0371,-96.8809
13456426102,39.0323,-96.8907
13456430501,39.0349,-96.89
13456435301,39.0325,-96.8818
13458287886,37.7805,-97.4683
13461431203,38.8867,-94.6069
13461476301,37.0281,-97.338
13461503901,39.0295,-95.6795
13461504301,39.0298,-95.6796
13461504302,39.0298,-95.6829
13461504304,39.0585,-95.7249
13461504401,39.0299,-95.6793
13461504701,39.0297,-95.6792
13461504702,39.0147,-95.7263
13461504801,39.0297,-95.6827
13461505101,39.0296,-95.6831
13461505201,39.0298,-95.6832
13461505401,37.6082,-97.3271
13461506401,39.0151,-95.7258
13461509001,39.0587,-95.7246
13461509101,39.0585,-95.7245
13461509401,39.0584,-95.7247
13461509702,39.0586,-95.7059
13461509801,39.0585,-95.7062
13461509802,39.0587,-95.7063
13461509901,39.0588,-95.7061
13461510301,39.0531,-95.6791
13461510401,39.0533,-95.6792
13461510501,39.0534,-95.6789
13461516201,39.0531,-95.6788
13462710102,38.7851,-95.2687
13462727801,38.7608,-95.2684
13464926801,39.566,-95.1203
13465112201,39.8133,-94.8124
13465136801,39.8133,-94.8139
13465137201,39.8116,-94.8139
13469102402,39.0509,-95.7432
13469105001,39.015,-95.7262
13469105101,39.0149,-95.7259
13469109702,39.0437,-95.7617
13469110401,39.0145,-95.7622
13469110402,39.0147,-95.7626
13469110501,39.0147,-95.7623
13469111201,39.0144,-95.7624
13469128901,39.0293,-95.7622
13469128902,39.0289,-95.7623
13469129401,39.0291,-95.762
13469130001,39.0292,-95.7625
13469130401,39.0434,-95.7618
13469130701,39.0436,-95.7616
13469133201,39.051,-95.743
13469133202,39.051,-95.6955
13469133701,39.0512,-95.7431
13469133901,39.0511,-95.7434
13469134501,39.0511,-95.7248
13469134502,39.0512,-95.7245
13469134503,39.0513,-95.7249
13469134901,39.0514,-95.7246
13469136201,39.0509,-95.6944
13469136401,39.0687,-95.6643
13469136402,39.0722,-95.6709
13469137501,39.0685,-95.6645
13469138401,39.0723,-95.6706
13469140801,39.0724,-95.6707
13469144401,39.0153,-95.6516
13469144502,39.0006,-95.6879
13469145001,39.0151,-95.6515
13469145201,39.015,-95.6517
13469145202,39.0296,-95.7249
13469145301,39.0152,-95.6519
13469145302,39.0295,-95.7435
13469145401,39.0007,-95.6876
13469145501,39.0005,-95.6874
13469145503,39.0293,-95.7438
13469145601,39.0004,-95.6878
13469150101,39.0295,-95.7248
13469150201,39.0294,-95.725
13469150202,39.0291,-95.7437
13469151401,39.0295,-95.7252
13469153601,39.0292,-95.7434
13469761701,39.0912,-95.6735
13472226901,38.881,-94.7636
13472354301,37.6663,-97.2803
13472354701,37.6668,-97.2793
13472521801,39.268,-94.9017
13472525201,39.3273,-94.9504
13474050201,39.2671,-94.9001
13474051701,39.3286,-94.9153
13475143301,39.3276,-94.941
13477124301,39.2668,-94.9282
13477125701,39.2666,-94.9278
13477324707,37.6798,-97.3266
13477931701,37.7476,-97.28
13477931901,37.7474,-97.2793
13477935301,37.7517,-97.2729
13478180801,39.3256,-94.9507
13478181401,39.2666,-94.9281
13478181901,39.2669,-94.9278
13479420976,39.038,-94.6417
13479582901,39.0394,-94.6417
13480301901,39.3277,-94.938
13480328201,39.2668,-94.9001
13480328401,39.2671,-94.8997
13480399701,39.0146,-94.724
13480403801,38.9952,-94.722
13480404101,38.9963,-94.7235
13481189568,38.0574,-97.9841
13482037101,39.0872,-95.5383
13482042502,39.0807,-95.3968
13482509801,38.9129,-97.2418
13483188001,39.1578,-94.8981
13483194901,39.1579,-94.8995
13502594101,37.6647,-97.2969
13502617401,37.6648,-97.273
13502841601,39.2697,-94.9001
13502855701,39.3288,-94.9166
13504780601,39.0392,-94.6409
13505107701,38.1232,-97.427
13505624602,38.8835,-94.8072
13505625501,38.9035,-94.6495
13505658101,39.0151,-94.6867
13505662801,39.0148,-94.6862
13508066901,39.0149,-94.7274
13508151701,39.3745,-101.203
13508151702,39.2783,-101.055
13510774201,37.2754,-97.3846
13510906201,39.2669,-94.8996
13510908701,39.2886,-94.9064
13510908901,39.2887,-94.9068
13511202401,39.3646,-101.059
13513377201,37.67,-97.262
13513567301,39.0395,-94.5975
13513567302,39.0395,-94.5975
13513787101,37.2744,-97.1611
13513788101,37.2744,-97.1678
13514849301,38.9933,-94.6586
13514854801,39.0079,-94.6495
13514863502,39.0075,-94.6489
13514863503,38.9929,-94.6582
13515681106,37.6788,-97.2159
13515936301,39.0149,-94.6399
13515937002,39.0151,-94.6399
13515937201,39.0151,-94.6397
13515937401,39.0149,-94.6396
13515937501,39.0151,-94.6399
13515939201,39.0152,-94.6306
13515940901,39.015,-94.6305
13515940902,39.0152,-94.6303
13515951204,39.1181,-94.7419
13515980701,39.1208,-94.6207
13515981401,39.121,-94.6206
13515981402,39.1202,-94.62
13515983601,39.1207,-94.6207
13515983602,39.1191,-94.6204
13515983701,39.1195,-94.6207
13516010210,37.6486,-97.3354
13516024601,39.2895,-94.9069
13516090154,37.6877,-97.3465
13516099244,37.6651,-97.3356
13516921502,39.331,-94.9
13517167801,37.7523,-97.2597
13518012101,39.1617,-94.6408
13518014901,39.175,-94.6395
13519160101,39.0541,-94.6111
13519162302,39.0545,-94.6077
13519658901,37.7276,-97.2067
13519660101,37.7341,-97.2027
13519995801,39.0605,-94.6074
13519997601,39.0618,-94.6075
13520062841,37.7073,-97.3357
13520069214,37.6834,-97.3532
13520081902,38.9552,-94.664
13520119701,39.0913,-95.6731
13520124701,39.091,-95.6729
13520124901,39.0908,-95.6732
13520721072,37.7241,-97.3629
13520813601,37.7486,-97.2804
13522843552,37.7342,-97.3448
13523066001,39.0095,-94.8234
13523070505,37.7086,-97.2037
13524270601,39.015,-94.6303
13524583401,37.7229,-97.243
13524625801,39.2888,-94.907
13525104001,37.694,-97.2416
13527171701,39.2522,-94.653
13527498701,39.0518,-94.6117
13527512801,39.8115,-94.8129
13527532710,39.3273,-94.9159
13529334301,38.8488,-94.8187
13529342601,38.8498,-94.8174
13530603201,38.9414,-94.5977
13530603301,38.9415,-94.598
13532419601,39.0871,-95.535
13533090786,37.6644,-97.3086
13534709801,39.3854,-94.7911
13535522501,37.9807,-101.753
13538987501,39.1612,-100.442
13541486701,37.6907,-97.258
13541607101,38.2133,-97.5192
13541613601,38.2031,-97.5191
13541663306,38.993,-94.6398
13541664115,38.9933,-94.64
13541664403,38.9933,-94.6396
13541669801,38.9931,-94.6396
13541696301,38.998,-94.636
13541699601,38.9973,-94.6369
13541701502,39.0076,-94.6398
13541704601,39.0076,-94.6399
13541706801,39.0078,-94.6397
13541707601,39.0078,-94.6397
13541841501,38.7822,-95.1861
13541842101,38.7823,-95.1861
13541842201,38.7823,-95.1864
13541842301,38.7821,-95.1863
13541853301,37.7815,-97.4396
13542038145,37.716,-97.2989
13543186801,38.9858,-94.6959
13543187901,38.9858,-94.6957
13543872401,37.7208,-97.2457
13544021365,37.7225,-97.3395
13544043989,37.7299,-97.3449
13544070089,37.7334,-97.3464
13544087783,37.7285,-97.3449
13544093704,37.7324,-97.3358
13544093901,38.9893,-94.6081
13544108529,37.7374,-97.336
13544109129,37.7262,-97.3394
13544109130,37.7262,-97.3458
13544109131,37.7262,-97.3483
13544109132,37.7262,-97.3506
13544128819,37.7297,-97.3459
13544128820,37.7297,-97.3493
13544128821,37.7299,-97.3518
13544128822,37.7297,-97.3545
13544128823,37.7298,-97.3569
13544128824,37.7301,-97.3596
13544133811,37.7322,-97.3518
13544133812,37.7335,-97.3528
13544133813,37.7319,-97.3539
13544133814,37.7333,-97.3495
13544186176,37.7009,-97.3142
13544186177,37.701,-97.3081
13544186178,37.701,-97.3056
13544192301,37.7229,-97.2448
13544197477,37.6715,-97.3077
13544226032,37.6719,-97.262
13544226033,37.672,-97.2502
13544226034,37.6718,-97.2714
13544226035,37.6719,-97.2758
13544235962,37.6648,-97.2757
13544235963,37.6648,-97.2775
13544236400,37.6721,-97.2782
13544280701,37.6717,-97.3103
13544280702,37.6719,-97.3159
13544280703,37.6719,-97.3174
13544280704,37.6718,-97.321
13544280705,37.6718,-97.3232
13544302524,37.6695,-97.3452
13544644901,38.9841,-94.6165
13544646202,38.9934,-94.6303
13544651601,38.9932,-94.6302
13544653001,38.9932,-94.6302
13544656401,38.9811,-94.6305
13544656701,38.9812,-94.6302
13544657101,38.9809,-94.6301
13544658301,38.9809,-94.6305
13544662601,38.9747,-94.6084
13544664701,38.9569,-94.6083
13544665201,38.9419,-94.6087
13544666001,38.942,-94.6082
13544805301,37.7086,-97.2445
13544806801,37.7089,-97.226
13545130501,37.6791,-97.2423
13545132201,37.6789,-97.2407
13545334201,39.015,-94.7237
13545335401,39.0146,-94.7236
13545338501,39.0076,-94.7653
13545339001,39.0069,-94.7683
13545340901,39.0101,-94.7742
13545346401,38.9564,-94.7767
13545350001,38.9721,-94.8015
13545352301,38.9898,-94.7804
13545352801,38.9933,-94.7976
13546664504,37.694,-97.1528
13547458501,39.0572,-94.6117
13550196301,37.6645,-97.3358
13550883701,38.9932,-94.6585
13555646701,38.9932,-94.7015
13555716001,37.6646,-97.2319
13563240501,39.0752,-94.6397
13565243901,37.679,-97.2447
13565473801,38.9127,-94.7513
13565474301,38.913,-94.7514
13565474401,38.913,-94.751
13565663701,37.678,-97.244
13565666802,37.679,-97.2396
13565667801,37.679,-97.2399
13565668601,37.679,-97.2383
13567067001,37.6798,-97.262
13567091301,37.69,-97.2619
13567092201,37.6901,-97.2623
13567129601,37.6821,-97.2606
13567393801,37.5045,-97.5106
13567483401,37.5049,-97.4856
13567562401,37.5175,-97.4969
13567845901,37.5182,-97.5057
13568178601,37.7182,-97.281
13568473101,37.6859,-97.3266
13571015601,39.9993,-95.7971
13571249001,39.257,-94.6509
13571250201,39.2578,-94.6526
13571260901,39.257,-94.6509
13571265101,39.2558,-94.6511
13571367901,38.0212,-97.8675
13571466202,38.5943,-97.6219
13571488501,38.5944,-97.621
13571697163,39.5093,-94.7868
13571697164,39.7171,-94.821
13571723652,39.7841,-94.8319
13571739179,39.7174,-94.8815
13571739230,39.8313,-94.8172
13571749906,39.8311,-94.8163
13574722101,37.6644,-97.299
13576998209,37.6733,-97.376
13576999104,37.6731,-97.3753
13577428902,38.0033,-101.014
13578227601,37.6881,-97.31
13578269902,37.3816,-94.6869
13578479001,38.8952,-99.3115
13578479701,38.9008,-99.3227
13578489701,38.929,-95.2583
13581635480,39.0575,-95.6771
13581741142,39.0575,-95.6774
13582345101,37.6775,-97.2474
13584084801,37.7929,-100.217
13585901301,37.4756,-97.3326
13586001901,39.026,-94.6866
13586051901,39.5558,-99.8445
13588082101,38.085,-99.2293
13591073301,37.5484,-97.1349
13591103901,39.2252,-94.7636
13591708101,38.3411,-99.3058
13594287201,39.027,-94.6877
13597221101,39.1043,-94.5939
13598480201,39.0723,-94.6402
13598484401,39.0728,-94.6517
13598488801,39.0729,-94.6521
13598493602,39.073,-94.6571
13598494602,39.073,-94.6568
13598605401,39.0378,-94.6417
13599629101,39.0148,-94.6488
13599636501,39.0138,-94.6077
13599636901,39.0125,-94.6165
13599640901,39.0123,-94.6169
13599648301,39.012,-94.6164
13599649401,39.0122,-94.6161
13599649402,39.0152,-94.6243
13599649801,39.0151,-94.6164
13599664301,39.0151,-94.6236
13603372201,39.0722,-94.607
13603385201,39.0574,-94.6073
13605463001,39.0046,-94.6301
13605463201,39.0044,-94.6303
13605465101,39.0043,-94.6301
13605465501,39.0044,-94.6299
13606709001,37.6772,-97.3711
13606710101,37.6582,-97.2804
13606728325,37.6862,-97.3263
13606800988,37.4256,-94.7155
13608106538,38.9289,-95.2559
13608106814,38.9293,-95.2583
13608136143,38.9289,-95.2559
13608153721,38.9284,-95.2576
13608418902,37.1086,-97.1282
13608422101,37.1149,-97.0365
13608492301,37.6802,-97.3262
13608592023,38.9916,-95.2332
13608602461,38.9914,-95.2332
13608609115,38.9807,-95.2583
13608634598,38.9807,-95.2587
13608637313,38.9429,-95.2052
13608637314,38.9424,-95.2051
13608638779,38.9429,-95.2047
13608641719,38.9914,-95.2335
13608649636,38.9805,-95.2587
13608654013,38.9425,-95.2048
13608660368,38.9244,-95.2603
13608661541,38.9248,-95.2604
13608662527,38.9244,-95.2607
13609865465,39.0786,-94.5936
13609865466,39.0786,-94.5941
13609865467,39.0786,-94.5941
13609865470,39.3107,-94.6972
13610180601,39.0007,-94.6303
13610183201,38.9859,-94.6305
13610183401,38.986,-94.6302
13610183601,38.9861,-94.6302
13612740401,39.7552,-94.8494
13613131801,37.8065,-97.3175
13613137001,37.8095,-97.3362
13613193901,37.7085,-97.2853
13615831101,38.9292,-94.6674
13615868101,37.017,-98.4891
13615946901,37.7082,-97.2955
13615949901,37.7084,-97.2812
13617861601,37.7078,-97.3189
13617863401,37.7083,-97.3077
13617984101,38.8804,-94.6617
13618177126,38.9931,-94.6078
13618177127,38.9931,-94.608
13618177128,38.9929,-94.6078
13618177129,38.9928,-94.6081
13618315022,39.0014,-94.6169
13618430902,38.4434,-95.7279
13618592701,39.0855,-94.6245
13619383901,38.4279,-95.7288
13619386101,38.0272,-95.739
13621247101,37.6883,-97.1708
13623526201,37.6353,-97.2832
13623544735,38.7826,-95.6798
13624065501,38.0721,-97.8941
13624065502,38.0724,-97.8899
13625389401,39.1727,-96.6028
13626896501,38.1448,-97.4438
13626966801,37.7206,-97.2449
13626983802,37.7212,-97.2462
13627966902,37.6772,-97.2489
13628673455,39.1745,-96.6029
13628728201,37.8255,-97.3396
13630348302,39.0377,-94.6406
13631150001,38.8388,-94.8392
13633644601,37.6793,-97.523
13633648601,37.6783,-97.4263
13633692101,37.7317,-97.4067
13633699001,37.736,-97.4067
13633875201,37.6777,-97.3173
13634955001,37.7719,-97.5358
13634970001,37.7935,-97.5363
13638687601,39.1043,-94.5939
13639606638,38.9183,-97.3813
13639606639,38.9184,-97.3815
13639691201,37.7226,-97.2847
13639701701,39.0269,-94.6888
13639709701,37.7229,-97.2437
13639718501,39.0148,-94.6866
13641413902,37.7792,-97.5539
13641414002,37.7796,-97.52
13641425703,37.7865,-97.5326
13641450601,37.789,-97.5272
13641484101,37.7208,-97.2813
13641484401,37.7228,-97.2804
13641498001,37.7226,-97.2625
13643536302,37.7187,-97.2989
13643541102,37.7229,-97.2993
13643545901,37.7227,-97.2967
13643569201,37.7212,-97.2989
13643571001,37.7175,-97.2987
13643578701,37.7157,-97.2888
13643820601,39.0411,-94.6491
13643938901,37.6792,-97.4807
13643939801,37.664,-97.4804
13643964801,38.9398,-94.6564
13643971001,38.9398,-94.6564
13644181201,37.6513,-97.3658
13644264001,37.5645,-97.3521
13644282501,37.6294,-97.3706
13644293701,37.471,-97.2462
13644395871,37.041,-95.5946
13644404847,37.21,-96.9979
13644406244,37.1027,-96.8073
13644418307,37.478,-97.2322
13644423830,37.2449,-96.9644
13645125403,37.7202,-97.2986
13645125404,37.7225,-97.2938
13645445747,37.1154,-96.4964
13645733501,38.9711,-95.4705
13646679517,37.6346,-97.2849
13646679878,37.6349,-97.285
13646683472,37.7451,-97.2809
13646693187,37.6503,-97.2803
13646699133,37.6755,-97.3531
13646699601,37.7378,-97.2454
13646700301,37.7418,-97.2625
13646768636,37.6532,-97.3708
13646770679,37.7082,-97.2788
13646775164,37.6334,-97.389
13646776239,37.6233,-97.334
13646777655,37.6502,-97.371
13646778636,37.6223,-97.3596
13646778920,37.6102,-97.3339
13646779556,37.6725,-97.3712
13646786228,37.6211,-97.3342
13646787071,37.6079,-97.3235
13646787184,37.7083,-97.2624
13648212201,38.9864,-95.4976
13648558844,38.9745,-94.607
13648575862,38.9877,-94.6079
13648603916,38.984,-94.6128
13650175701,37.5269,-97.0007
13650179201,37.5197,-96.9996
13650191601,37.5195,-97.0224
13650191802,37.5197,-97.0228
13650231801,37.6797,-96.9937
13650261602,37.7191,-96.9715
13650262801,37.7192,-96.9713
13650272501,37.6709,-96.9811
13650273601,37.671,-96.9809
13650293801,37.5094,-97.0074
13650306101,37.4439,-97.0073
13653615301,39.2099,-94.7096
13655067501,37.7519,-99.9811
13655263001,37.7548,-100.033
13655268701,37.7531,-100.023
13655272401,37.753,-100.023
13657584301,39.0008,-95.6799
13658922101,37.666,-97.233
13660593909,39.7905,-94.8694
13663850001,37.7226,-97.315
13663898901,39.2887,-94.9031
13665998401,37.6784,-97.2169
13668200901,38.4822,-101.128
13669658775,37.643,-97.4072
13669876201,38.8198,-97.6258
13670449801,37.2579,-101.783
13670450701,37.1414,-101.9
13671807215,38.1641,-97.2025
13672591201,38.3768,-97.6315
13673003106,37.8104,-97.3229
13673184401,38.911,-94.6396
13673283501,37.6713,-97.5712
13673284601,37.6783,-97.5714
13673481101,37.7338,-100.033
13675355601,37.6582,-97.2803
13675355602,37.6582,-97.2803
13675866501,39.0292,-94.8393
13675866801,39.0288,-94.8396
13675915402,39.0996,-94.8815
13676026101,38.8693,-98.0659
13676258401,37.6721,-97.2806
13678622401,39.6592,-94.6473
13683358802,38.9931,-94.6306
13685535402,37.6735,-97.4016
13685560601,38.9145,-94.7667
13685713501,37.5015,-98.6838
13685713602,37.4573,-98.6873
13686720602,39.5515,-97.6576
13686723301,39.3706,-97.6663
13686787801,37.6499,-97.3269
13686975501,38.4051,-97.6669
13687197801,38.411,-96.1184
13687197901,38.4086,-95.9921
13688707001,38.868,-97.6458
13694363201,39.0365,-95.762
13694363202,39.0363,-95.762
13694365901,39.0364,-95.7621
13694366501,39.0364,-95.7618
13696426101,37.4754,-97.2779
13696554601,37.7086,-97.2622
13697091801,39.0501,-94.6032
13702214501,37.0224,-98.5671
13702237802,36.9995,-98.6512
13704297568,39.3532,-94.7644
13704308211,39.3787,-94.695
13704312403,39.3534,-94.7646
13706114001,39.0052,-94.6166
13706133201,39.0079,-94.6234
13706138801,37.6659,-97.462
13706140801,37.664,-97.4624
13707308648,37.7156,-97.3005
13708783901,37.6727,-97.4387
13709646701,37.6787,-97.5532
13709984201,38.9818,-94.8602
13712356602,38.8849,-94.6799
13712358001,38.8855,-94.6816
13712358002,38.8849,-94.6809
13714076781,37.5229,-97.2441
13714082321,37.672,-97.2639
13714095972,37.608,-97.3536
13714693284,37.6306,-97.3172
13714877302,37.7232,-97.2454
13715337227,39.0424,-94.5915
13716634416,39.0636,-94.6132
13717652401,37.0233,-101.876
13717755101,37.4984,-97.2539
13719784301,37.5922,-97.2445
13724184301,39.0876,-96.0265
13725925662,38.9569,-95.201
13725938714,38.957,-95.1994
13725953401,37.8094,-96.8497
13725961601,37.6795,-96.8804
13726134801,38.913,-94.7735
13726622001,38.9819,-94.8603
13728748601,37.645,-98.4652
13728748602,37.6454,-98.4645
13732348301,39.0425,-94.5976
13732348302,39.0424,-94.5974
13732348402,39.0424,-94.5975
13732348801,39.0426,-94.5976
13732351101,39.0426,-94.5974
13732372902,39.0335,-94.612
13732521201,39.0396,-94.5919
13732521701,39.0397,-94.5916
13732521702,39.04,-94.5916
13732521801,39.04,-94.5919
13734528901,38.8574,-102.047
13736034201,38.9337,-94.7534
13736098201,39.232,-94.6312
13738747402,38.4297,-95.516
13740446601,37.6731,-97.3707
13741178001,37.5632,-97.119
13743378690,38.5657,-97.961
13743650196,39.1043,-94.7606
13743962901,37.3819,-98.0729
13746211301,37.7813,-97.3424
13746242001,37.786,-97.3215
13746290001,37.7669,-97.3147
13747276401,38.9344,-94.754
13747276402,38.9346,-94.755
13747276502,39.051,-94.8635
13747278601,39.0506,-94.8635
13747280801,39.0111,-94.7706
13749548601,37.7651,-100.016
13751536801,38.0584,-97.9399
13753122580,37.6353,-97.2986
13753126441,37.6498,-97.2989
13753154163,37.7176,-97.2438
13753598538,37.267,-97.4204
13753999683,37.6732,-97.3829
13754064924,37.673,-97.3829
13754314501,38.1304,-97.7757
13755123501,38.7834,-97.6095
13757859801,38.7673,-94.6677
13757859901,38.7671,-94.6678
13758723301,38.8686,-101.967
13759106901,39.2887,-94.903
13759268201,37.1521,-98.0302
13759270301,37.2935,-98.0113
13759659301,38.978,-94.8553
13761966201,37.7656,-100.018
13762134901,39.2952,-94.9089
13762135201,39.295,-94.9089
13765042901,38.7405,-98.2195
13765044201,38.7405,-98.2195
13768931801,38.2594,-95.5262
13769058001,37.2449,-100.617
13769058301,37.2362,-100.635
13778146101,37.7086,-97.1527
13785285602,39.4414,-98.0651
13788258957,39.0424,-94.5917
13788346594,39.0422,-94.5917
13788920106,38.949,-94.7608
13790434102,37.8976,-98.1759
13790702801,39.0786,-94.5943
13797169702,37.7533,-100.014
13801689601,38.724,-95.0907
13807228501,38.9944,-95.6878
13807228502,38.9942,-95.6876
13807229301,38.9942,-95.6878
13807229302,38.9944,-95.6876
13807266001,38.1002,-97.9219
13807374701,37.7249,-97.0437
13809560601,37.6791,-97.2624
13809840801,37.9086,-97.7749
13819475701,39.0437,-95.7617
13819622201,37.5192,-97.1404
13821014001,39.0695,-94.6589
13824585401,39.0708,-94.6534
13824637201,39.0716,-94.6528
13824638301,39.0709,-94.6519
13825136401,37.0014,-101.892
13826003101,38.3708,-97.6262
13826236901,38.9542,-94.6688
13829871701,39.1337,-101.727
13831960601,39.0006,-95.7059
13831960801,39.0005,-95.7061
13831961001,39.0006,-95.7061
13832153601,39.0153,-95.6704
13832153602,39.0152,-95.6701
13832206002,38.4657,-101.754
13837450201,39.0377,-94.6406
13837879501,38.0432,-97.9379
13841004805,38.3629,-96.9711
13841234701,39.5496,-94.8069
13844947601,39.0545,-94.5929
13844948801,39.0538,-94.5936
13847538201,37.9483,-101.253
13849138842,38.5149,-98.2014
13854934802,37.662,-97.4804
13858868901,39.8134,-97.4788
13859361101,37.0251,-97.607
13860463784,39.0534,-94.5905
13863534201,37.5777,-97.127
13863635201,37.6643,-97.5892
13868328701,39.5598,-95.1175
13868364901,39.5592,-95.1072
13872475901,38.3694,-97.6849
13874205801,38.0398,-102.006
13874564402,37.8764,-100.646
13878189601,38.5661,-97.6854
13879284804,38.0573,-97.9641
13883695701,39.0526,-95.677
13884394501,39.0519,-95.6779
13885489901,38.1126,-95.9506
13885493901,38.1998,-95.9563
13885857202,37.7204,-97.1167
13885860101,37.7199,-97.1167
13885875001,38.6349,-94.6937
13885875501,38.5947,-94.6943
13889937401,39.4182,-95.3198
13892108643,39.0097,-94.7703
13894785001,38.9631,-94.6489
13894785101,38.9642,-94.6478
13894994402,37.0349,-99.9872
13900206901,37.8026,-96.8803
13903577201,39.8421,-96.6529
13904824519,37.5523,-97.2718
13905117203,37.6595,-97.3933
13905998801,37.6502,-97.2896
13907286101,38.3763,-97.6204
13907318004,39.1168,-94.6637
13907337103,39.1166,-94.6471
13908004101,39.5717,-97.6574
13908467501,37.7029,-97.2815
13909530252,39.0497,-94.5969
13910036501,37.6594,-97.3939
13912491502,37.69,-97.3153
13912724001,39.2252,-94.6444
13912789002,38.3607,-96.1801
13913641501,39.0302,-96.8626
13913654030,37.7597,-98.5561
13913681305,37.6437,-98.7569
13913873101,36.9986,-94.8312
13914875001,39.1858,-96.5749
13917573501,39.842,-96.6336
13917754801,39.0439,-95.7598
13917990201,38.9275,-94.658
13917990301,38.9275,-94.6585
13918242201,39.1329,-99.8675
13918727801,37.7512,-97.2632
13918730301,38.3562,-98.756
13918758801,38.3521,-98.765
13918758802,38.3839,-98.7654
13918758803,38.38,-98.7929
13920954701,38.3479,-97.1993
13921478602,39.2572,-94.6008
13921479501,39.2579,-94.6008
13923421540,38.9275,-94.668
13923421541,38.9272,-94.6678
13923903201,37.7179,-97.243
13923905701,37.7184,-97.2295
13923906001,37.7184,-97.2295
13923962701,39.0253,-94.6877
13923965501,39.0253,-94.6887
13924367601,39.8416,-96.4065
13924485702,39.3678,-94.7847
13924485703,39.375,-94.7921
13924608401,38.9295,-94.6544
13924608501,38.9293,-94.6573
13926273705,38.2,-95.9587
13926816913,39.0505,-94.5972
13926816914,39.0505,-94.5974
13929873301,38.0706,-97.922
13931544801,39.4121,-95.0665
13931871441,39.0711,-94.5901
13932263402,39.0017,-96.8631
13936607001,39.7261,-94.8591
13937529001,37.0323,-97.594
13938454801,36.9968,-101.896
13938820601,39.7565,-102.026
13944219101,39.6343,-95.353
13945659501,39.0723,-95.671
13945728798,38.9277,-94.6582
13946404601,39.1005,-94.6025
13946415301,39.1005,-94.6025
13948456501,39.7343,-94.8339
13948564801,39.7192,-94.8569
13948568201,39.9382,-95.1272
13948623201,39.7196,-94.8894
13948623701,39.7197,-94.8915
13948630202,39.7753,-94.8646
13948642901,39.7904,-94.8743
13949986401,39.6463,-95.137
13950043401,37.8794,-95.7392
13950826401,38.9353,-94.6078
13951114470,39.4369,-99.2851
13951132910,39.4162,-99.2757
13951135505,39.4412,-99.2474
13952718982,38.0286,-97.6778
13952849701,37.2599,-95.7077
13953005302,38.8835,-94.7145
13953262301,37.8792,-95.7383
13953293301,38.3644,-97.621
13953294301,38.3708,-97.6184
13953328401,37.7663,-97.4457
13954417201,39.1079,-94.6471
13954645401,37.6957,-95.4526
13954647801,37.6511,-95.4527
13954655801,37.6598,-95.479
13954939001,37.8597,-96.8502
13955452401,39.0717,-94.5921
13955518401,39.1957,-94.5918
13956809401,38.1774,-99.1536
13956810601,38.1728,-99.1465
13956912201,37.6305,-98.7398
13957677101,38.371,-97.6243
13958360601,39.854,-99.8883
13958970165,37.2758,-98.587
13958982562,37.2537,-98.4119
13959114001,37.2759,-98.5766
13960919001,37.6903,-98.7389
13960920601,37.6873,-98.6947
13960969702,38.3451,-94.7697
13961037801,37.8538,-98.7471
13962652302,39.7626,-94.834
13962655501,39.7626,-94.8342
13962660301,39.7624,-94.8339
13962871401,37.2978,-98.5866
13963340203,39.0542,-94.6096
13963354401,39.0541,-94.6095
13963355201,39.0538,-94.6086
13963372601,39.0539,-94.6086
13963482201,39.727,-94.8591
13963624301,39.7781,-94.8547
13966164101,38.8818,-94.6606
13968042101,37.6941,-97.2361
13969229601,37.6643,-97.3239
13970165803,39.3317,-102.046
13970175201,39.33,-102.049
13970175601,39.3296,-102.049
13970790089,37.1702,-101.348
13970797462,37.1219,-101.629
13971341301,37.3904,-97.4215
13971530702,37.6496,-97.553
13971614003,39.0011,-94.6078
13972395401,37.562,-100.564
13972971601,37.0012,-95.0855
13975357493,39.7995,-94.8477
13975532201,39.2736,-94.9074
13976236402,38.8254,-94.8462
13976505701,38.7827,-95.6877
13976932801,39.3944,-99.6145
13979130201,38.8835,-94.7107
13979615101,39.813,-97.7468
13981141501,38.3619,-98.7504
13981143001,38.3666,-98.7742
13981143801,38.3618,-98.7889
13981161401,38.8767,-95.6825
13981162601,38.3827,-98.7746
13981163101,38.3827,-98.7744
13981164001,38.3839,-98.7652
13981244502,37.9989,-98.7472
13981798901,37.955,-98.4911
13981958301,37.7227,-97.3202
13982927002,37.7791,-99.9177
13982933901,37.7793,-99.9356
13984601886,39.1932,-95.5522
13986263101,38.1304,-97.7757
13988729401,39.0941,-95.5948
13988731401,39.0941,-95.5948
13988938901,37.0117,-97.0491
13989116901,38.3662,-98.7744
13990730702,39.1065,-94.6381
13990770601,37.4589,-97.7703
13991206802,37.5626,-97.2445
13991335501,39.6434,-99.89
13993028901,39.7368,-94.8035
13993032001,39.7369,-94.8035
13994217501,38.3551,-98.5892
13994219501,38.3535,-98.5633
13996379003,39.0016,-95.6345
13996412401,38.0425,-97.3219
13996413101,38.0426,-97.3233
13996671101,37.2532,-98.3454
13997432002,38.9421,-94.6301
13997436901,38.9423,-94.62
13998022502,39.4278,-98.6948
13998022503,39.4277,-98.6948
13998996801,39.2987,-94.7185
14000087701,38.5108,-98.7773
14000581701,37.0096,-94.624
14000596004,37.3824,-100.182
14000700002,38.0502,-97.3229
14001151901,38.8579,-98.1106
14001686501,39.0129,-95.6143
14002797601,37.7646,-97.3723
14003756902,39.8416,-96.4376
14003757601,39.979,-100.557
14003782601,39.2104,-96.325
14004818903,39.1054,-94.6476
14004846301,38.7278,-97.6191
14004946901,39.8277,-99.9825
14005036701,38.7551,-97.9737
14005159601,38.3786,-98.7926
14005159602,38.3786,-98.7931
14005317501,38.8418,-97.6382
14005606301,39.104,-94.6423
14010838801,38.0426,-96.8589
14010940301,37.6642,-97.3343
14011093702,37.7083,-97.3073
14011098301,37.7081,-97.3011
14011118401,37.7065,-97.2851
14011122201,37.7034,-97.2853
14011122901,37.7028,-97.2841
14011126701,37.7143,-97.2804
14011341106,39.1959,-94.5921
14011349574,39.1956,-94.5922
14011355152,39.1959,-94.5919
14011521501,37.8172,-96.8803
14013503787,39.1091,-94.7284
14013509812,39.1074,-94.7284
14014706801,37.796,-97.3491
14014773403,37.7299,-97.308
14014785402,37.7814,-97.3085
14014954402,37.6525,-97.3524
14016095701,38.5215,-98.7844
14017593001,37.6948,-97.39
14017802001,37.2163,-95.7108
14017802601,37.2107,-95.7109
14017804501,37.2255,-95.7528
14017855101,38.5214,-98.7783
14018293001,37.6571,-97.3078
14020057001,38.986,-94.6164
14020743701,39.3652,-101.037
14020795301,39.2523,-94.6511
14020916404,38.0009,-97.3364
14020924301,38.5426,-98.4801
14020924801,38.5428,-98.48
14022499101,39.7349,-94.8349
14023011301,39.0905,-95.7281
14023048202,39.091,-95.66
14024334685,39.0503,-94.6073
14024334686,39.0503,-94.6074
14024334687,39.0502,-94.6074
14024361502,39.1085,-95.0936
14024852901,39.1298,-94.8334
14025073401,37.7426,-97.2086
14026598301,39.3395,-94.7794
14026936001,39.2468,-94.6608
14026940001,39.2103,-94.6643
14027287902,38.3453,-94.7411
14027294701,37.7083,-97.3375
14029266802,37.5045,-97.2444
14029404102,37.7313,-97.2062
14030251301,39.2038,-95.7192
14030979301,38.3773,-97.9264
14032119401,37.3521,-96.5622
14032464801,38.1443,-98.0844
14038578301,37.0663,-97.0482
14039041401,39.0369,-94.5906
14040109701,37.6657,-97.2368
14040360877,37.8107,-96.7558
14040387933,37.8105,-96.6243
14040456001,38.9962,-94.8816
14040579402,39.0876,-94.6045
14040721892,39.0007,-95.6796
14040897301,37.7271,-97.3916
14041384102,39.2103,-94.6643
14042023101,38.9294,-94.6494
14042056301,38.8906,-94.6042
14044526101,38.0574,-97.3717
14044895901,37.5183,-97.2673
14047469401,37.144,-98.3449
14047583701,39.1092,-95.0933
14049062154,37.9938,-95.1706
14049423901,37.8389,-97.3493
14049514901,38.4049,-95.9501
14049911101,39.0876,-96.0307
14049911901,39.0831,-96.0265
14050017401,37.4764,-97.3287
14050446101,38.3622,-97.6299
14050481201,38.9929,-94.7239
14050481202,38.9951,-94.7213
14052430101,38.1671,-99.0982
14052735301,38.4253,-95.858
14053506801,37.9763,-101.131
14053509001,37.9876,-101.135
14053511501,37.9883,-101.135
14053511502,37.9794,-101.134
14054147401,38.0307,-97.3719
14054486101,38.8547,-94.7569
14054798301,39.3543,-100.177
14054833701,38.8547,-94.7422
14056867402,38.0819,-95.517
14057729276,38.8867,-94.6058
14059265801,38.3473,-98.4797
14059267601,38.5216,-98.3973
14060391901,37.7318,-97.4618
14062044202,37.2755,-98.5893
14062340147,37.6747,-97.3349
14062365202,37.0584,-97.274
14062558101,37.6801,-97.072
14062642001,38.9571,-95.3072
14062758402,38.9714,-95.2882
14062759802,38.9717,-95.2704
14062761601,38.9717,-95.2815
14062761602,38.9717,-95.2738
14062770702,38.9716,-95.2652
14063086302,37.6747,-97.3272
14064364701,37.7026,-97.3037
14064659502,38.9733,-95.2547
14064663101,38.9731,-95.251
14064665001,38.973,-95.2474
14065347101,37.6796,-97.1156
14065723101,38.1607,-98.7476
14067131502,39.0624,-94.8216
14067132001,39.0624,-94.8217
14067319901,39.1224,-94.811
14068641601,39.0509,-94.8067
14069652001,39.0781,-94.6773
14069652801,39.078,-94.6783
14069676701,37.3256,-95.9683
14070501002,37.7725,-97.3723
14071473903,38.3377,-98.2029
14071475601,38.3382,-98.2027
14071560702,37.8249,-96.8496
14073688401,39.7335,-94.801
14073761601,39.1294,-95.5987
14073966201,39.4631,-95.5503
14075168702,37.2852,-97.8083
14075235001,37.2706,-97.7679
14075770803,38.0574,-97.3281
14076094101,39.8827,-98.5419
14077725601,39.1096,-94.5907
14077731502,39.105,-94.638
14077732101,39.1046,-94.6272
14079019901,37.7531,-100.015
14079502501,38.0145,-97.3367
14079965703,38.7095,-95.082
14080712501,39.7335,-94.8341
14081002101,39.1254,-94.9383
14081155605,39.1433,-94.9301
14081203259,38.9407,-94.7975
14081219737,38.9428,-94.7974
14081219738,38.9428,-94.7974
14081245302,37.755,-100.067
14084192301,37.563,-97.1424
14084529401,38.0511,-97.9084
14084543501,37.0782,-97.0247
14084587903,38.2608,-96.1686
14084741301,37.0782,-97.0395
14084750101,38.859,-94.6683
14086315401,37.6657,-97.3893
14086321601,37.7394,-99.958
14086599902,37.7427,-97.4618
14086605001,37.7425,-97.4457
14086751901,37.6035,-97.3234
14087649801,37.6786,-97.5351
14088905394,38.9548,-94.7238
14088993501,39.0164,-97.9251
14090672901,38.1974,-94.8697
14090868101,39.0582,-95.8574
14092535501,39.0579,-95.8578
14093557801,38.6666,-96.3586
14094600701,39.1198,-96.0236
14094985901,39.0117,-99.8714
14095626201,38.7878,-95.6827
14095749201,37.4177,-95.6747
14096219501,38.7791,-95.6827
14096219502,38.7792,-95.6834
14097419501,37.6782,-97.217
14097522303,39.7559,-99.3092
14097525303,39.7559,-99.3246
14097601901,38.973,-95.2601
14097607301,38.968,-95.2603
14097618401,38.9589,-95.2509
14097639801,38.9629,-95.2431
14097709801,38.626,-96.0976
14097729202,38.9571,-95.2607
14097733902,38.9345,-95.2604
14097734601,38.9501,-95.2603
14097737801,38.9464,-95.2604
14097738002,38.9429,-95.2604
14097738901,38.9386,-95.2607
14097743101,38.9502,-95.2419
14097783601,38.9644,-95.2603
14097783602,38.9572,-95.2539
14097785201,38.9568,-95.2562
14097785901,38.957,-95.2527
14097785902,38.9571,-95.2521
14097785903,38.9572,-95.2515
14097786201,38.9571,-95.2521
14097788101,38.9572,-95.2515
14097788102,38.9577,-95.2507
14097789901,38.9582,-95.2504
14097792201,38.9584,-95.249
14097795201,38.9582,-95.2471
14097797701,38.9583,-95.2476
14097797702,38.9585,-95.2484
14097797703,38.9586,-95.2484
14097798001,38.9582,-95.2477
14097798901,38.9576,-95.2468
14097798902,38.9573,-95.2459
14097799201,38.9575,-95.2467
14097799202,38.9573,-95.2454
14097801801,38.9575,-95.2443
14097802101,38.9577,-95.2438
14097802901,38.9579,-95.2437
14097804601,38.9581,-95.2433
14097806001,38.9597,-95.2427
14097812301,38.9596,-95.2432
14097812302,38.9607,-95.243
14097812402,38.9608,-95.2428
14097812403,38.9607,-95.243
14097817901,38.9637,-95.2438
14097818401,38.9635,-95.2439
14097824301,38.9732,-95.2361
14097824302,38.9724,-95.2337
14097824401,38.9735,-95.2359
14097824402,38.9734,-95.2359
14097827801,38.9727,-95.2338
14097827802,38.9733,-95.2355
14097829301,38.9728,-95.2332
14097829302,38.9731,-95.2342
14097830601,38.9731,-95.2342
14097830602,38.973,-95.2371
14097830603,38.9732,-95.2382
14097832703,38.9781,-95.2498
14097833703,38.9783,-95.2502
14097866901,38.9774,-95.2503
14097867301,38.9712,-95.2359
14097870201,38.9693,-95.2359
14097870202,38.9674,-95.2358
14097875601,38.9657,-95.2359
14097875602,38.9638,-95.2358
14097888001,38.9638,-95.2358
14097889501,38.9675,-95.2382
14097921001,39.1026,-94.6267
14098009001,38.9713,-95.3327
14098009002,38.9717,-95.3209
14098009003,38.9717,-95.3113
14098034101,38.9717,-95.3164
14098036401,38.9715,-95.307
14098036701,38.9716,-95.3031
14098036901,38.9716,-95.2977
14098038302,38.9428,-95.236
14098038501,38.9426,-95.2141
14098038503,38.9427,-95.2327
14098039001,38.9426,-95.2235
14098039002,38.9442,-95.2791
14098039004,38.957,-95.2792
14098039005,38.9501,-95.2511
14098042201,38.9428,-95.2502
14098043001,38.9501,-95.2557
14098043701,38.9428,-95.2559
14098043702,38.9426,-95.2696
14098043703,38.9425,-95.2794
14098043901,38.9426,-95.2651
14098045001,38.9569,-95.2672
14098047101,38.9207,-95.2606
14098047102,38.9228,-95.2604
14098047103,38.928,-95.2627
14098047601,38.9283,-95.2604
14098047602,38.9499,-95.2236
14098048201,38.928,-95.2576
14098048501,38.9281,-95.2552
14098048502,38.9426,-95.2838
14098048504,38.9695,-95.2815
14098050201,38.9425,-95.2978
14098051401,38.9642,-95.2788
14098053001,38.9778,-95.2352
14098053201,38.9824,-95.2354
14099813901,37.7433,-97.261
14100138806,39.2104,-94.6774
14101845742,37.3852,-97.6413
14101873086,37.3946,-97.6416
14102228201,37.1524,-98.2832
14103622601,38.3521,-98.7651
14104243601,37.2866,-98.587
14104355601,37.6514,-100.24
14104472302,38.8231,-94.8615
14104500201,37.3386,-94.6315
